# time,q0,q1,q2,q3,angle_x,angle_y,angle_z,height
-9.859999999999999432e+00,9.999999609478739115e-01,-2.222812773161575678e-04,1.026910918601194018e-04,1.347212832093165396e-04,4.445902306402087245e-04,-2.053222851044378308e-04,-2.694882174527839344e-04,0.000000000000000000e+00
-9.730000000000000426e+00,9.999999363788273365e-01,-1.269163376634194174e-04,1.961780577275884746e-04,2.695343284852316215e-04,2.539384348882495375e-04,-3.922876839348298384e-04,-5.391184866735700392e-04,0.000000000000000000e+00
-9.599999999999999645e+00,9.999999030543156309e-01,-1.699637746339208633e-04,2.296767021753130670e-04,3.350407247324590945e-04,3.400814608279537576e-04,-4.592394863881698783e-04,-6.701595787735239312e-04,0.000000000000000000e+00
-9.470000000000000639e+00,9.999997896156738175e-01,-2.333430164310555232e-04,3.924940381698206163e-04,4.607255962150767574e-04,4.670477595779983751e-04,-7.847729775425581721e-04,-9.216345843340325011e-04,0.000000000000000000e+00
-9.339999999999999858e+00,9.999997363417039153e-01,-2.071668629411712670e-04,4.553968147435585368e-04,5.263194416380866970e-04,4.148131689011481547e-04,-9.105754432871370884e-04,-1.052827922973572890e-03,0.000000000000000000e+00
-9.210000000000000853e+00,9.999996267638002756e-01,-2.705343553808491064e-04,5.683574661394060661e-04,5.918219438324188748e-04,5.417416179553088745e-04,-1.136394536268057077e-03,-1.183952007399942689e-03,0.000000000000000000e+00
-9.089999999999999858e+00,9.999996615428068392e-01,-2.736780283894463565e-04,5.165575439243498502e-04,5.789498357694619277e-04,5.479543129973026830e-04,-1.032798030093694816e-03,-1.158182897168784148e-03,0.000000000000000000e+00
-8.960000000000000853e+00,9.999995859865126180e-01,-3.170517825372373721e-04,4.513040364843591817e-04,7.237607596214917349e-04,6.347568757828071610e-04,-9.021488823712373517e-04,-1.447808188416937298e-03,0.000000000000000000e+00
-8.830000000000000071e+00,9.999995761231318392e-01,-3.509065723893611192e-04,4.848893781559719890e-04,6.996430697220409759e-04,7.024917340635348584e-04,-9.692874783193776954e-04,-1.399626962513465583e-03,0.000000000000000000e+00
-8.699999999999999289e+00,9.999994764654288604e-01,-2.749861903012162045e-04,5.078557974606478457e-04,8.447093891982503620e-04,5.508303855262842736e-04,-1.015246670734281514e-03,-1.689698875435030568e-03,0.000000000000000000e+00
-8.560000000000000497e+00,9.999995210108948429e-01,-2.892672816325672094e-04,5.660312591580222335e-04,7.442519964202647933e-04,5.793772293290725024e-04,-1.131631642092768624e-03,-1.488832251831696818e-03,0.000000000000000000e+00
-8.429999999999999716e+00,9.999994438282089337e-01,-4.316591371981790145e-04,7.088280444152840563e-04,6.508275236824992557e-04,8.642414191955353478e-04,-1.417093903366251507e-03,-1.302267943289158554e-03,0.000000000000000000e+00
-8.310000000000000497e+00,9.999993724876929946e-01,-4.631300750569463547e-04,7.219092221217946609e-04,7.206815029691584357e-04,9.273012006535307416e-04,-1.443150500610160562e-03,-1.442032778632312915e-03,0.000000000000000000e+00
-8.179999999999999716e+00,9.999994907769887975e-01,-4.474342351219128509e-04,5.772865882526046020e-04,6.964112025346698865e-04,8.956727883450633010e-04,-1.153949648242341783e-03,-1.393339669900415037e-03,0.000000000000000000e+00
-8.050000000000000711e+00,9.999994079720396778e-01,-5.302636446314034887e-04,5.813780973413350955e-04,7.515820280853404648e-04,1.061401483875352558e-03,-1.161958694516940314e-03,-1.503781315520967251e-03,0.000000000000000000e+00
-7.919999999999999929e+00,9.999991512751680300e-01,-6.036801280677857534e-04,7.736900483493903014e-04,8.569848047365598125e-04,1.208687052043707190e-03,-1.546344710270707110e-03,-1.714905168283804935e-03,0.000000000000000000e+00
-7.790000000000000036e+00,9.999988871177224459e-01,-7.760766005369798461e-04,8.471563152708072413e-04,9.517324226093490467e-04,1.553766857460510626e-03,-1.692834318967188865e-03,-1.904781524344317453e-03,0.000000000000000000e+00
-7.660000000000000142e+00,9.999985780838255289e-01,-7.795799975474924969e-04,9.596132503084910592e-04,1.146833799804472314e-03,1.561362316537846448e-03,-1.917436849185788971e-03,-2.295166763031097467e-03,0.000000000000000000e+00
-7.530000000000000249e+00,9.999984453622192682e-01,-7.536978336596979189e-04,9.734564466502497026e-04,1.262376832273715173e-03,1.509854491186042071e-03,-1.945008191534532615e-03,-2.526224588899365995e-03,0.000000000000000000e+00
-7.400000000000000355e+00,9.999984673661701517e-01,-8.062001336234898494e-04,1.067572761551684049e-03,1.129422442644153254e-03,1.614813653662897997e-03,-2.133322787807228737e-03,-2.260569847225155516e-03,0.000000000000000000e+00
-7.269999999999999574e+00,9.999985436330691702e-01,-8.797548064095602827e-04,1.022099913768439875e-03,1.045980395360480856e-03,1.761649828574422729e-03,-2.042357857727001690e-03,-2.093762035239965340e-03,0.000000000000000000e+00
-7.139999999999999680e+00,9.999985832935198715e-01,-7.943542201766828122e-04,1.075804552590375884e-03,1.022280240646718458e-03,1.590910085123011571e-03,-2.149983608093033668e-03,-2.046272881931677015e-03,0.000000000000000000e+00
-7.009999999999999787e+00,9.999984065773555031e-01,-8.972483127221337913e-04,1.159534566442285480e-03,1.018463452587451724e-03,1.796861444342274855e-03,-2.317239882173409427e-03,-2.039011327575542508e-03,0.000000000000000000e+00
-6.879999999999999893e+00,9.999983111745951447e-01,-1.069242990774414096e-03,1.174515387872940254e-03,9.245977437097002531e-04,2.140661809553757663e-03,-2.347051724177390969e-03,-1.851710207551238033e-03,0.000000000000000000e+00
-6.750000000000000000e+00,9.999981538249150814e-01,-1.143229059649401467e-03,1.168227397622002145e-03,1.010256811968713577e-03,2.288822550879974268e-03,-2.334142691336461590e-03,-2.023187888364804104e-03,0.000000000000000000e+00
-6.620000000000000107e+00,9.999981145872441912e-01,-1.314740195903457958e-03,1.192791532974003593e-03,7.871013485923730778e-04,2.631363640966036602e-03,-2.383511157413779544e-03,-1.577341285715466810e-03,0.000000000000000000e+00
-6.490000000000000213e+00,9.999981141176663701e-01,-1.349136481524095899e-03,1.106984787295772939e-03,8.521599295927469739e-04,2.700164415559989754e-03,-2.211667842259645769e-03,-1.707308597225076514e-03,0.000000000000000000e+00
-6.360000000000000320e+00,9.999980715033669476e-01,-1.382381328923217891e-03,1.201265178498879494e-03,7.092061612148503743e-04,2.766472715342534628e-03,-2.400567242648195092e-03,-1.421735375630649775e-03,0.000000000000000000e+00
-6.230000000000000426e+00,9.999981108976532251e-01,-1.345682271363414333e-03,1.245150405845880763e-03,6.457095444611066866e-04,2.692979063148249943e-03,-2.488560836067594834e-03,-1.294772173935691611e-03,0.000000000000000000e+00
-6.099999999999999645e+00,9.999982305017713902e-01,-1.360120960916414616e-03,1.039886806216071399e-03,7.795509782526767288e-04,2.721867633419852803e-03,-2.077650859767592954e-03,-1.561931947592047924e-03,0.000000000000000000e+00
-5.980000000000000426e+00,9.999981703329549054e-01,-1.446181258326214962e-03,9.609487011340557506e-04,8.027877078842756212e-04,2.893909471150325416e-03,-1.919573111621774913e-03,-1.608355546721991144e-03,0.000000000000000000e+00
-5.849999999999999645e+00,9.999982239692003505e-01,-1.539765263660266160e-03,7.166536331887206780e-04,8.170611651182179292e-04,3.080704184045864567e-03,-1.430789044153908630e-03,-1.636328789867174749e-03,0.000000000000000000e+00
-5.719999999999999751e+00,9.999981222629322763e-01,-1.643081732415326750e-03,6.415523909514767986e-04,8.025980061059985893e-04,3.287195726490468612e-03,-1.280465254231511656e-03,-1.607303253820783649e-03,0.000000000000000000e+00
-5.589999999999999858e+00,9.999979616973272423e-01,-1.696768805534852121e-03,5.655984123258676237e-04,9.368432350262789580e-04,3.394599127272965918e-03,-1.128015545394553528e-03,-1.875604323369185929e-03,0.000000000000000000e+00
-5.459999999999999964e+00,9.999976317675369764e-01,-1.810125790114638531e-03,6.284178018583843088e-04,1.031985953090908516e-03,3.621550803168859835e-03,-1.253096906406704885e-03,-2.066245141278210459e-03,0.000000000000000000e+00
-5.330000000000000071e+00,9.999975899175722605e-01,-1.754400213910445707e-03,7.009723433089696957e-04,1.118425996593722625e-03,3.510370582662132154e-03,-1.398017429593471786e-03,-2.239310234065587657e-03,0.000000000000000000e+00
-5.200000000000000178e+00,9.999973573069246280e-01,-1.788513141297785793e-03,7.339136774827451342e-04,1.244174675800606899e-03,3.578854534994142973e-03,-1.463373552725949879e-03,-2.490973247389356889e-03,0.000000000000000000e+00
-5.070000000000000284e+00,9.999971630121805566e-01,-1.852614968329854275e-03,6.286183520906070540e-04,1.358905565784207341e-03,3.706939286906665767e-03,-1.252198407073897100e-03,-2.720138083745663165e-03,0.000000000000000000e+00
-4.940000000000000391e+00,9.999972824583100994e-01,-2.004416488986784841e-03,7.445313403117003598e-04,9.290121723962049523e-04,4.010220613492090566e-03,-1.485334925562350767e-03,-1.861007124436709443e-03,0.000000000000000000e+00
-4.809999999999999609e+00,9.999973288072498967e-01,-2.007871158464953013e-03,6.884915247216325234e-04,9.147738496260615811e-04,4.017005809442661911e-03,-1.373306306866853028e-03,-1.832310369856209433e-03,0.000000000000000000e+00
-4.679999999999999716e+00,9.999971307435804313e-01,-2.011695708333338575e-03,6.617632257266613206e-04,1.119667100729027521e-03,4.024876149704755685e-03,-1.319018177387197305e-03,-2.241994137279303134e-03,0.000000000000000000e+00
-4.549999999999999822e+00,9.999967882271848518e-01,-1.996604780190849339e-03,5.945460388940130604e-04,1.443474860901424947e-03,3.994926582697317687e-03,-1.183324437239341442e-03,-2.889320639485202114e-03,0.000000000000000000e+00
-4.419999999999999929e+00,9.999966867915632829e-01,-2.099453622419874578e-03,6.290396844919236103e-04,1.350188675114995154e-03,4.200607625211556437e-03,-1.252406211099108425e-03,-2.703015093972109192e-03,0.000000000000000000e+00
-4.290000000000000036e+00,9.999967601212201851e-01,-2.084372339196530807e-03,4.341509394455734801e-04,1.395224704432261251e-03,4.169956284254840856e-03,-8.624828370666867174e-04,-2.792254899498680925e-03,0.000000000000000000e+00
-4.160000000000000142e+00,9.999965239916643878e-01,-2.216504130790023126e-03,5.378504308670862405e-04,1.322811755414983730e-03,4.434432873087616397e-03,-1.069833291227145549e-03,-2.648003219996508326e-03,0.000000000000000000e+00
-4.030000000000000249e+00,9.999961548678648615e-01,-2.279699791431897497e-03,6.502331592595497279e-04,1.438893736225195941e-03,4.561272918750179130e-03,-1.293901187590817091e-03,-2.880747475625120360e-03,0.000000000000000000e+00
-3.899999999999999911e+00,9.999959179089326078e-01,-2.362327125088225371e-03,6.839718532966851698e-04,1.454564721346870461e-03,4.726646704204773633e-03,-1.361066227359165968e-03,-2.912355912463284770e-03,0.000000000000000000e+00
-3.770000000000000018e+00,9.999959575761909747e-01,-2.297712489634136553e-03,4.676337679149398748e-04,1.608311925685430724e-03,4.596928773574136297e-03,-9.278730114261559856e-04,-3.218766767886598133e-03,0.000000000000000000e+00
-3.640000000000000124e+00,9.999958839449574199e-01,-2.202305326475864460e-03,5.200114987373237029e-04,1.763953636777039263e-03,4.406443683076776037e-03,-1.032249371019827331e-03,-3.530192413812065048e-03,0.000000000000000000e+00
-3.509999999999999787e+00,9.999958956124024301e-01,-2.324856388687287362e-03,4.564584373558126709e-04,1.611039048429500084e-03,4.651183114586795488e-03,-9.054223826079132531e-04,-3.224194180551900359e-03,0.000000000000000000e+00
-3.379999999999999893e+00,9.999958948410825332e-01,-2.297178723222823623e-03,7.489759985903035773e-04,1.540229154752394006e-03,4.596667071101404739e-03,-1.490870036854360101e-03,-3.083895042642186349e-03,0.000000000000000000e+00
-3.250000000000000000e+00,9.999959098000467117e-01,-2.330157570615275751e-03,8.925118764074823057e-04,1.397916815416473408e-03,4.662815665065930121e-03,-1.778502656398250588e-03,-2.799989668827532110e-03,0.000000000000000000e+00
-3.120000000000000107e+00,9.999953079197411165e-01,-2.511930220286542805e-03,1.075473531828055520e-03,1.384811088939286389e-03,5.026848247572002389e-03,-2.143981516116606149e-03,-2.775022151044954574e-03,0.000000000000000000e+00
-2.990000000000000213e+00,9.999951716964725623e-01,-2.594262983989231199e-03,1.109931379381428381e-03,1.301704899070313089e-03,5.191426554593228833e-03,-2.213099917477367139e-03,-2.609165485883686679e-03,0.000000000000000000e+00
-2.859999999999999876e+00,9.999952958895902411e-01,-2.558047940282292057e-03,1.074026007025394433e-03,1.308073989171174316e-03,5.118915716279879950e-03,-2.141351313915963207e-03,-2.621639505412480791e-03,0.000000000000000000e+00
-2.720000000000000195e+00,9.999951280765665418e-01,-2.572563035650892328e-03,1.131755384496603307e-03,1.358260765548529106e-03,5.148211290816300488e-03,-2.256513233437007927e-03,-2.722341614025668502e-03,0.000000000000000000e+00
-2.589999999999999858e+00,9.999946709169627024e-01,-2.576691545434977443e-03,1.163141496651209006e-03,1.632758467251312724e-03,5.157190600275565230e-03,-2.317858441906640518e-03,-3.271508269724581006e-03,0.000000000000000000e+00
-2.459999999999999964e+00,9.999947605395688166e-01,-2.521187011490288142e-03,1.156372811082467377e-03,1.668925218157628820e-03,5.046242217286281244e-03,-2.304320198740623243e-03,-3.343678919759331732e-03,0.000000000000000000e+00
-2.330000000000000071e+00,9.999952024341007828e-01,-2.435347586356632985e-03,1.180450943418462264e-03,1.506892990260132268e-03,4.874262232245031232e-03,-2.353553116645539130e-03,-3.019534089773655890e-03,0.000000000000000000e+00
-2.200000000000000178e+00,9.999950174240236356e-01,-2.518510302876340607e-03,1.115355879881641671e-03,1.542145985527028015e-03,5.040469388405896534e-03,-2.222934654714971668e-03,-3.089907224988884104e-03,0.000000000000000000e+00
-2.080000000000000071e+00,9.999950458004520648e-01,-2.495521812496649065e-03,9.525399468676886078e-04,1.665356743541373001e-03,4.994221280980710130e-03,-1.896759724758974005e-03,-3.335463339150916001e-03,0.000000000000000000e+00
-1.939999999999999947e+00,9.999951750607674050e-01,-2.370882962694848689e-03,9.873691034173411908e-04,1.747532950858419337e-03,4.745220949453354993e-03,-1.966443553982895158e-03,-3.499744822238802597e-03,0.000000000000000000e+00
-1.820000000000000062e+00,9.999956458083947286e-01,-2.382347727410125127e-03,1.002845655357472105e-03,1.423757053446846879e-03,4.767557910933026451e-03,-1.998900139923910201e-03,-2.852289528196310948e-03,0.000000000000000000e+00
-1.689999999999999947e+00,9.999962148114553973e-01,-2.305379800446157035e-03,9.984596752859568620e-04,1.121902407756672319e-03,4.613008007522569412e-03,-1.991740286439612137e-03,-2.248406333970650716e-03,0.000000000000000000e+00
-1.550000000000000044e+00,9.999967074276705503e-01,-2.212980880575403202e-03,9.724864968397150394e-04,8.614635522881067698e-04,4.427645520146021758e-03,-1.941155004046005031e-03,-1.727229732745768622e-03,0.000000000000000000e+00
-1.419999999999999929e+00,9.999965137061493925e-01,-2.246775154709836856e-03,1.066016229487096135e-03,8.877985966050160136e-04,4.495452779385044825e-03,-2.128037264574938504e-03,-1.780386172358402845e-03,0.000000000000000000e+00
-1.290000000000000036e+00,9.999968395361237272e-01,-2.210123689162019154e-03,9.621694827349962058e-04,7.144934762643534399e-04,4.421630903572549426e-03,-1.921175827567316984e-03,-1.433238599067543492e-03,0.000000000000000000e+00
-1.159999999999999920e+00,9.999965271729407412e-01,-2.284137257450480525e-03,9.948554143781828101e-04,8.594310618096931247e-04,4.569993587048631553e-03,-1.985779106910827863e-03,-1.723405178030568705e-03,0.000000000000000000e+00
-1.030000000000000027e+00,9.999960825634593986e-01,-2.328106227146266131e-03,1.006948959299314595e-03,1.183567877995954322e-03,4.658604044790470161e-03,-2.008380435951574901e-03,-2.371822058444020016e-03,0.000000000000000000e+00
-9.100000000000000311e-01,9.999961285542812162e-01,-2.268199410634464622e-03,8.899173827333382381e-04,1.343947518903093521e-03,4.538795986838671526e-03,-1.773732123056269688e-03,-2.691929137668312971e-03,0.000000000000000000e+00
-7.800000000000000266e-01,9.999955242938868283e-01,-2.429886006744483903e-03,1.042799032875473030e-03,1.399862980503813973e-03,4.862699484536832373e-03,-2.078787213487938174e-03,-2.804790933530854329e-03,0.000000000000000000e+00
-6.500000000000000222e-01,9.999952727402483532e-01,-2.532943678241706461e-03,1.057536894192662169e-03,1.385752212712464473e-03,5.068827344959225822e-03,-2.108045286576096852e-03,-2.776858425250702377e-03,0.000000000000000000e+00
-5.200000000000000178e-01,9.999956867644411718e-01,-2.525368173321200331e-03,1.163544313204768841e-03,9.461145450538641999e-04,5.052951381695622995e-03,-2.322302101403007999e-03,-1.898103942093579523e-03,0.000000000000000000e+00
-3.900000000000000133e-01,9.999953383761085446e-01,-2.423075053481593515e-03,8.635752853395667512e-04,1.645044395209424018e-03,4.848994923273015900e-03,-1.719171234130190302e-03,-3.294269295249360827e-03,0.000000000000000000e+00
-2.600000000000000089e-01,9.999978731645683405e-01,-1.661917099944524396e-03,7.199901549049939932e-04,9.865657950627868857e-04,3.325257325867443138e-03,-1.436698560327634260e-03,-1.975523845317695044e-03,0.000000000000000000e+00
-1.300000000000000044e-01,9.999999964896010285e-01,7.168767451289984592e-05,3.845581609400988536e-05,2.007046818587835416e-05,-1.433738057853165340e-04,-7.691450960424632305e-05,-4.013542274428430218e-05,0.000000000000000000e+00
0.000000000000000000e+00,9.999304294749515876e-01,3.553298669915942471e-03,-2.808683588420156970e-03,-1.089135322628691574e-02,-7.045094700320009458e-03,5.694407610212378311e-03,2.176330161660846099e-02,0.000000000000000000e+00
1.300000000000000044e-01,9.999170487127698737e-01,8.823627152071593718e-03,-6.759762227775173611e-03,6.507296831062549594e-03,-1.773628908732020198e-02,1.340396844170364116e-02,-1.313436281277041533e-02,0.000000000000000000e+00
2.600000000000000089e-01,9.998010452039964857e-01,3.941230654950330509e-03,-2.803130998266305587e-03,1.935146419590006925e-02,-7.989586203583483315e-03,5.452636454910913047e-03,-3.872757943645222661e-02,2.270000000000000018e+00
3.900000000000000133e-01,9.989281618310407174e-01,2.022576232684686684e-02,-1.118733708433983752e-02,-4.010348523651585673e-02,-3.953251936055495602e-02,2.397523606996364298e-02,7.977595087416133879e-02,4.610000000000000320e+00
5.200000000000000178e-01,9.996979286709398727e-01,1.471242861062049302e-02,-2.571583992495595807e-03,-1.951878098594657732e-02,-2.932026017347850316e-02,5.715982850865829711e-03,3.896059347188493560e-02,7.009999999999999787e+00
6.500000000000000222e-01,9.996763658985158285e-01,2.245938776209933235e-02,-6.006992382467699065e-03,-1.032741050813167777e-02,-4.479863226044026453e-02,1.247431477991070049e-02,2.038130632009860915e-02,9.669999999999999929e+00
7.800000000000000266e-01,9.994432519399438775e-01,2.908437607483735018e-02,-1.536764933069568670e-02,-5.578581727840979318e-03,-5.802541247747482200e-02,3.104767385014712069e-02,1.026216052393385397e-02,1.041000000000000014e+01
9.100000000000000311e-01,9.996920414547038058e-01,2.413766309938539245e-02,-3.823500465559199341e-03,4.310025106102084030e-03,-4.831354697621863259e-02,7.436646649420087900e-03,-8.802333391472298013e-03,1.527999999999999936e+01
1.040000000000000036e+00,9.992548239258179921e-01,2.917373935325218159e-02,-1.971819669530002969e-02,1.580767257424011557e-02,-5.900531660778687154e-02,3.849417457798884334e-02,-3.277243311486432997e-02,1.898999999999999844e+01
1.169999999999999929e+00,9.997447173026718925e-01,-7.706197457692303895e-03,9.059186964750394477e-03,1.921056682348049049e-02,1.575967868988399981e-02,-1.781861067478573632e-02,-3.856662985173640174e-02,2.235000000000000142e+01
1.300000000000000044e+00,9.988221560099920238e-01,-1.288683598758323667e-02,5.081621529356257320e-03,4.650169076937645668e-02,2.621997749944278075e-02,-8.952872620615122401e-03,-9.316324661500020865e-02,2.819999999999999929e+01
1.429999999999999938e+00,9.967920259777981462e-01,-1.558676012388332012e-02,4.619055389876690343e-06,7.850292882803455718e-02,3.107933711849289807e-02,2.438006581370152914e-03,-1.571488158249843281e-01,3.096999999999999886e+01
1.560000000000000053e+00,9.926087849147638975e-01,-2.239809523056900120e-02,-5.750005985708149525e-03,1.191346417766083465e-01,4.311444638083846564e-02,1.675257460020429523e-02,-2.385395277467857178e-01,3.817000000000000171e+01
1.689999999999999947e+00,9.841573831484700108e-01,-2.221437847643386448e-02,-5.029467468266152555e-03,1.758279586420915530e-01,4.197515444485820646e-02,1.771231884642823079e-02,-3.532144254517414761e-01,4.465999999999999659e+01
1.820000000000000062e+00,9.719932622647738940e-01,-1.947644726234598264e-02,-1.888288583138097304e-02,2.334377920059147182e-01,2.908060488999451854e-02,4.581718162060242211e-02,-4.707337310916200335e-01,4.963000000000000256e+01
1.949999999999999956e+00,9.559709554751923966e-01,-1.591594679977051049e-02,-2.640399950655231490e-02,2.918373583614179978e-01,1.504648840012081691e-02,5.980829867534839805e-02,-5.921346490474872493e-01,5.778000000000000114e+01
2.080000000000000071e+00,9.348628390935189714e-01,-1.340387722905181378e-02,-3.255603484641841905e-02,3.532589882116386470e-01,2.065266694495339339e-03,7.039907011347935895e-02,-7.225006199078226610e-01,6.200999999999999801e+01
2.209999999999999964e+00,9.088973387810231896e-01,-1.148007737795342029e-02,-3.102038304447063757e-02,4.157061115932054185e-01,-4.933056230139446462e-03,6.598122855656217423e-02,-8.581013844762258591e-01,7.131000000000000227e+01
2.339999999999999858e+00,8.794548603158124367e-01,-5.140537339511043989e-03,-2.357504452592333946e-02,4.753703196649480822e-01,-1.338680081700633316e-02,4.637030856671053164e-02,-9.913949758668894052e-01,7.956999999999999318e+01
2.470000000000000195e+00,8.457933883631347793e-01,2.196617252828280548e-03,-1.698556607318682174e-02,5.332356042304600141e-01,-2.183972761926572179e-02,2.639299398493284016e-02,-1.125314612370269307e+00,8.262999999999999545e+01
2.600000000000000089e+00,8.082550829041817986e-01,1.048067503133209497e-02,-1.574017836239432686e-02,5.885287785618986689e-01,-3.547970430794639141e-02,1.310817596564417369e-02,-1.258968733429420173e+00,9.240999999999999659e+01
2.729999999999999982e+00,7.695226969118820204e-01,9.888424984029229453e-03,-1.567128208795996736e-02,6.383505689717187126e-01,-3.523589668198056496e-02,1.149450419746747727e-02,-1.385194441742096272e+00,9.643000000000000682e+01
2.859999999999999876e+00,7.279981562074397949e-01,7.867757480277274076e-03,-1.291314183592267781e-02,6.854123092845090248e-01,-2.916214868059023579e-02,8.016257102241746910e-03,-1.510671743888129193e+00,1.037800000000000011e+02
2.990000000000000213e+00,6.856574086218570896e-01,8.626283805617271025e-03,-1.160405812086478215e-02,7.277807712936572582e-01,-2.872388300757571650e-02,3.356736182165627556e-03,-1.630431013173415433e+00,1.119300000000000068e+02
3.120000000000000107e+00,6.427202168953120021e-01,1.347019799248431494e-02,-1.081592473620507887e-02,7.659061902949900746e-01,-3.389035918745935544e-02,-6.730639887045190839e-03,-1.745140694970147566e+00,1.160400000000000063e+02
3.250000000000000000e+00,5.991276628150602468e-01,2.226906148530511872e-02,-1.091117482663623434e-02,8.002693789057708784e-01,-4.417339113509332477e-02,-2.257003883493830312e-02,-1.855811359394706983e+00,1.225199999999999960e+02
3.379999999999999893e+00,5.558469218545009083e-01,3.243631194744876767e-02,-1.192470087365647344e-02,8.305660037836827270e-01,-5.594308375709425990e-02,-4.063556174838066359e-02,-1.960893288344578655e+00,1.263299999999999983e+02
3.509999999999999787e+00,5.134704893853681007e-01,4.117230269220493316e-02,-1.436000766617448465e-02,8.569986512248416455e-01,-6.704923606115642531e-02,-5.585136778975560712e-02,-2.060130971352647666e+00,1.336599999999999966e+02
3.640000000000000124e+00,4.700362392005121293e-01,4.927211510568653419e-02,-1.637633932493706701e-02,8.811186117779851168e-01,-7.544244699954112676e-02,-7.149510232225654571e-02,-2.158790825793281520e+00,1.407800000000000011e+02
3.770000000000000018e+00,4.266220118105863990e-01,5.868173033445982234e-02,-2.053115200655343531e-02,9.022907432534834626e-01,-8.757410510405407023e-02,-8.849333578583980231e-02,-2.254374850538645170e+00,1.441899999999999977e+02
3.890000000000000124e+00,3.875271532350345605e-01,6.538415337696903973e-02,-2.281086967176195607e-02,9.192536549927571299e-01,-9.323992819301078760e-02,-1.027100735136189519e-01,-2.338877809287840837e+00,1.497599999999999909e+02
4.019999999999999574e+00,3.449890088777853303e-01,6.986972311176387063e-02,-2.024522344920892669e-02,9.357835948942995197e-01,-8.680116697538539650e-02,-1.170643149901110791e-01,-2.430095776594714430e+00,1.523400000000000034e+02
4.150000000000000355e+00,3.000800795481463612e-01,7.491855478571543547e-02,-1.299857791265421683e-02,9.508786426140009018e-01,-7.038203532060076373e-02,-1.350861521363934670e-01,-2.525449433747519734e+00,1.583899999999999864e+02
4.280000000000000249e+00,2.552911032184933537e-01,8.177374688437780148e-02,-5.712292658483964294e-03,9.633830373483626142e-01,-5.342626867054709600e-02,-1.552653738828131125e-01,-2.619354710649382412e+00,1.613000000000000114e+02
4.410000000000000142e+00,2.135873555348349884e-01,8.665051039361017227e-02,-1.952665183623790782e-03,9.730715891972400167e-01,-4.141394934932078609e-02,-1.685977739118527108e-01,-2.705949682139309864e+00,1.659499999999999886e+02
4.540000000000000036e+00,1.743139555190341417e-01,8.765229428680725021e-02,-2.194979034315008848e-03,9.807787223857401537e-01,-3.539324312277730700e-02,-1.720168491754266449e-01,-2.786753766855283310e+00,1.716500000000000057e+02
4.679999999999999716e+00,1.327013971682875493e-01,8.597490681503310028e-02,-6.709756736583137246e-03,9.873974041652455735e-01,-3.659658565188298601e-02,-1.688025214563425580e-01,-2.871306894058068160e+00,1.738000000000000114e+02
4.799999999999999822e+00,9.841371671590851133e-02,8.284094239484419975e-02,-1.175610082651736693e-02,9.916218597422358227e-01,-4.016160783293640929e-02,-1.626966753354491535e-01,-2.940475356571762511e+00,1.774600000000000080e+02
4.929999999999999716e+00,6.194697455190879137e-02,7.721274063006271227e-02,-1.620502745908744546e-02,9.949563619140834314e-01,-4.231458983744108837e-02,-1.522261470376159997e-01,-3.014003781671488635e+00,1.798499999999999943e+02
5.059999999999999609e+00,2.569712294644422440e-02,7.131577501017941079e-02,-1.920845299261707967e-02,9.969376878424257571e-01,-4.240192615821111038e-02,-1.416810948929463354e-01,-3.087042692564807567e+00,1.847500000000000000e+02
5.190000000000000391e+00,-9.520410890552739175e-03,6.660420386671254966e-02,-2.053953676833820616e-02,9.975226159005605719e-01,-4.007723359215652897e-02,-1.336671701711976967e-01,3.125187980656937814e+00,1.875300000000000011e+02
5.320000000000000284e+00,-4.435858522560499201e-02,6.500679537967767041e-02,-2.032174345838930890e-02,9.966912557126493821e-01,-3.505276839999132976e-02,-1.317672697537826121e-01,3.054952653892836434e+00,1.903100000000000023e+02
5.450000000000000178e+00,-7.878160635616819618e-02,6.767053098714991000e-02,-2.017401315672080059e-02,9.943878352680156629e-01,-2.974716643036723687e-02,-1.381996842010573545e-01,2.985529414598714126e+00,1.936800000000000068e+02
5.580000000000000071e+00,-1.130194871549274060e-01,7.420339461625199973e-02,-2.271869178333387265e-02,9.905575767184433555e-01,-2.857193811018484894e-02,-1.527339074957370646e-01,2.916567881237911664e+00,1.937899999999999920e+02
5.709999999999999964e+00,-1.468366845323805236e-01,8.194153174534127282e-02,-3.023422239859502314e-02,9.852971456604939782e-01,-3.604996982029737285e-02,-1.711873875731206585e-01,2.848808146109366835e+00,1.977199999999999989e+02
5.839999999999999858e+00,-1.805609085372771871e-01,8.872449318916218741e-02,-4.237107291069528575e-02,9.786370189181047285e-01,-5.184831051027000842e-02,-1.901022112602311631e-01,2.781635646607963253e+00,2.007899999999999920e+02
5.969999999999999751e+00,-2.121677320024947799e-01,9.302551619991193677e-02,-5.736298237512899717e-02,9.711027726691378037e-01,-7.356420337372625295e-02,-2.064798717539977346e-01,2.719015532301617633e+00,2.018100000000000023e+02
6.099999999999999645e+00,-2.435369573376969521e-01,9.536852999209598225e-02,-7.346191613147116939e-02,9.623917813323922266e-01,-9.747095244870418451e-02,-2.211432366883361866e-01,2.656721153086849085e+00,2.040399999999999920e+02
6.230000000000000426e+00,-2.741431125997375595e-01,9.626455664884303598e-02,-9.054651513331879453e-02,9.525649676240145469e-01,-1.234251601355479816e-01,-2.352045367492769934e-01,2.595749368022657322e+00,2.045300000000000011e+02
6.360000000000000320e+00,-3.026493465648216197e-01,9.571637466042844100e-02,-1.079172043495961464e-01,9.421229355297096042e-01,-1.505711154489722814e-01,-2.482163092739274879e-01,2.538753178788558884e+00,2.068300000000000125e+02
6.490000000000000213e+00,-3.297961654469772630e-01,9.340383844460796448e-02,-1.251391457032880461e-01,9.310480151060598342e-01,-1.782873414876286200e-01,-2.593659260829386248e-01,2.484045407063374622e+00,2.090399999999999920e+02
6.620000000000000107e+00,-3.561236110867416205e-01,8.950254861359395464e-02,-1.419390883398839176e-01,9.192489122209782648e-01,-2.060104411452705897e-01,-2.688738967900908272e-01,2.430346140773419705e+00,2.092100000000000080e+02
6.750000000000000000e+00,-3.807771203386488557e-01,8.424224250705890371e-02,-1.579276381776216487e-01,9.071774304421517110e-01,-2.332806773038071657e-01,-2.766304741897768205e-01,2.379400417170538962e+00,2.095600000000000023e+02
6.879999999999999893e+00,-4.059492769771778642e-01,7.746573038970795688e-02,-1.732827792428868752e-01,8.939671825938328986e-01,-2.600712074262737095e-01,-2.829522118290554444e-01,2.326325632317148617e+00,2.102599999999999909e+02
7.009999999999999787e+00,-4.314091891872244844e-01,6.917120636851180338e-02,-1.881278143779828438e-01,8.796075154020163156e-01,-2.868427043188330750e-01,-2.879707921046399943e-01,2.271495679835186188e+00,2.120300000000000011e+02
7.150000000000000355e+00,-4.596928290385714488e-01,5.785787421035001182e-02,-2.023383951754065269e-01,8.627827902550061490e-01,-3.139757524029379576e-01,-2.899085316279906843e-01,2.208710380243397609e+00,2.126599999999999966e+02
7.269999999999999574e+00,-4.858253858743107889e-01,4.593566295248788928e-02,-2.116700796604303048e-01,8.467935915473960851e-01,-3.334153689750272709e-01,-2.874058592928729339e-01,2.148531455937673584e+00,2.121299999999999955e+02
7.410000000000000142e+00,-5.190316949306729155e-01,2.927055579193198198e-02,-2.177818741723046014e-01,8.260268697221788692e-01,-3.496341522210741903e-01,-2.779947332405912630e-01,2.068995309164805896e+00,2.124199999999999875e+02
7.540000000000000036e+00,-5.549716041019281398e-01,1.080174763223908270e-02,-2.163867580158796988e-01,8.031603898624469773e-01,-3.547028865220082650e-01,-2.604631254337688717e-01,1.979234118748672167e+00,2.120000000000000000e+02
7.669999999999999929e+00,-5.980023589173831811e-01,-8.156464560317839424e-03,-2.058218634710970163e-01,7.745734383080826735e-01,-3.447354718720768152e-01,-2.357048024839322187e-01,1.867895582363259921e+00,2.117400000000000091e+02
7.799999999999999822e+00,-6.443913747063994002e-01,-2.576216518140694856e-02,-1.891738471118106502e-01,7.404791169358380110e-01,-3.259455231534674202e-01,-2.071291863144839596e-01,1.743519570884353387e+00,2.114900000000000091e+02
7.940000000000000391e+00,-6.848602990396083223e-01,-4.546889839668741273e-02,-1.696828922310396337e-01,7.071822015308911746e-01,-3.116578450764574404e-01,-1.689106085716401418e-01,1.629462299576704964e+00,2.110900000000000034e+02
8.070000000000000284e+00,-7.052645277405699131e-01,-6.859818649178318906e-02,-1.542417591017577472e-01,6.885533490370252530e-01,-3.168094488445601375e-01,-1.234084668640988564e-01,1.566556539345867138e+00,2.112899999999999920e+02
8.199999999999999289e+00,-7.031036958774419254e-01,-1.020000354295666906e-01,-1.446088662350452081e-01,6.887158059911668850e-01,-3.504290155271819751e-01,-6.289343857553088279e-02,1.561259698504438020e+00,2.103400000000000034e+02
8.330000000000000071e+00,-6.719016905929091621e-01,-1.531318534649675489e-01,-1.436637990931239062e-01,7.102531002839087559e-01,-4.224290317087094904e-01,2.447129071751132437e-02,1.621029992168176559e+00,2.100500000000000114e+02
8.460000000000000853e+00,-5.947862258044419592e-01,-2.328280987321051931e-01,-1.619610196196812346e-01,7.521895041529448322e-01,-5.553078162269660112e-01,1.582571101564605454e-01,1.758262255384363870e+00,2.094300000000000068e+02
8.589999999999999858e+00,-4.882209769869391147e-01,-3.238712179480328079e-01,-2.130228830233023285e-01,7.819008652784674718e-01,-7.482789012350631319e-01,3.030848765469608685e-01,1.905476222577762169e+00,2.089199999999999875e+02
8.720000000000000639e+00,-4.198467942290855515e-01,-3.713933958612954389e-01,-2.855369696945470048e-01,7.773443598713697389e-01,-9.321925465642990627e-01,3.444059379718548142e-01,1.976618024875850699e+00,2.068400000000000034e+02
8.849999999999999645e+00,-4.026078909031696740e-01,-3.697982101925213483e-01,-3.481540539181748883e-01,7.615411509966149017e-01,-1.041770993622118002e+00,2.868099928581538394e-01,2.003631522851410551e+00,2.039799999999999898e+02
8.980000000000000426e+00,-4.364165405346048798e-01,-3.373551761397219906e-01,-3.779181669228785512e-01,7.435791466879604350e-01,-1.054010322984216153e+00,1.726982357022531223e-01,1.979451128529831072e+00,2.021899999999999977e+02
9.109999999999999432e+00,-5.262791675968266913e-01,-2.858533134670175890e-01,-3.628891453530932454e-01,7.138834562576857889e-01,-9.601524603051382334e-01,2.617289616775647643e-02,1.857438576291577048e+00,1.996800000000000068e+02
9.240000000000000213e+00,-6.675962523678757865e-01,-2.114526123988026973e-01,-2.969524167747414345e-01,6.491704696809065256e-01,-7.381192635154911752e-01,-1.222553760393997602e-01,1.590148037602988618e+00,1.991299999999999955e+02
9.369999999999999218e+00,-7.967548488711690968e-01,-1.359415726572259231e-01,-2.147936035345237860e-01,5.482383674136769303e-01,-4.789238051834544541e-01,-1.944418351999873951e-01,1.252988015507278119e+00,1.984600000000000080e+02
9.500000000000000000e+00,-8.722153571936289707e-01,-8.754729293591580197e-02,-1.486239071637512899e-01,4.576972540823934232e-01,-2.979036906578564348e-01,-1.800957721094559039e-01,9.936034261520559907e-01,1.983600000000000136e+02
9.630000000000000782e+00,-9.208005038323696656e-01,-3.085581347715721234e-02,-8.537602338255889656e-02,3.793221395438142185e-01,-1.230076822735943487e-01,-1.342226409689929179e-01,7.898059247873840949e-01,1.941699999999999875e+02
9.759999999999999787e+00,-9.725521033413514482e-01,5.639551435575992921e-02,-2.383944707726010775e-02,2.244852623445734718e-01,9.941096916558832264e-02,-7.175168319926206184e-02,4.501247132678646290e-01,1.941200000000000045e+02
9.890000000000000568e+00,-9.868847912966708380e-01,1.303181034366451552e-01,3.101818929208810180e-02,-9.007481644189693770e-02,2.553018400492669815e-01,8.480111787014894820e-02,-1.711488112517582649e-01,1.932400000000000091e+02
1.001999999999999957e+01,-9.102625354638324007e-01,1.175265267371766592e-01,7.635485061885607938e-02,-3.895889742164452274e-01,1.594179628307096919e-01,2.326737004336804637e-01,-7.901422355443563639e-01,1.851999999999999886e+02
1.015000000000000036e+01,-7.935648588574215623e-01,2.839123245981638524e-02,1.511506411420447393e-01,-5.887293405193603224e-01,-1.386180140258949922e-01,2.768481491855006582e-01,-1.295909089961532201e+00,1.758400000000000034e+02
1.027999999999999936e+01,-6.154773170791534298e-01,-5.676299557627624559e-02,3.000534641506813482e-01,-7.265903613078207313e-01,-5.563617259875192067e-01,2.909530101614640207e-01,-1.819638835045241265e+00,1.730600000000000023e+02
1.041999999999999993e+01,-3.931017489895581307e-01,-5.634285120380899681e-02,4.750731256252387902e-01,-7.852401055525888296e-01,-9.694813298149953518e-01,2.890260628362755213e-01,-2.366301616662163543e+00,1.697199999999999989e+02
1.053999999999999915e+01,-2.090744127735906788e-01,1.926092790206922201e-02,5.645899151576587727e-01,-7.982199786286959808e-01,-1.186029268088022226e+00,2.701038520729194814e-01,-2.811887203217819486e+00,1.648700000000000045e+02
1.066999999999999993e+01,-3.403111940162098503e-02,1.104113628175421719e-01,5.940369420322202387e-01,-7.960975602110916816e-01,-1.290752625620568805e+00,2.179493252038879059e-01,3.062652462189962677e+00,1.647599999999999909e+02
1.081000000000000050e+01,9.917509004942390294e-02,2.009338349415663583e-01,5.752820817967206901e-01,-7.866641099306573848e-01,-1.304903717702422972e+00,2.034277377538323550e-01,2.735116644784459705e+00,1.600999999999999943e+02
1.092999999999999972e+01,1.799100515752975749e-01,2.776435831279702171e-01,5.253647206073706055e-01,-7.839249482132669700e-01,-1.262801711848271502e+00,2.488264016218560970e-01,2.508012757753550481e+00,1.577299999999999898e+02
1.106000000000000050e+01,2.481714968900693430e-01,3.501608784073522718e-01,4.409659081121533597e-01,-7.882558818347986662e-01,-1.172290266319412577e+00,3.396556183863849165e-01,2.304825114352754500e+00,1.516999999999999886e+02
1.119999999999999929e+01,3.112205201068550808e-01,3.920072091508420287e-01,3.331151994877816214e-01,-7.990659545421769927e-01,-1.025738423361148399e+00,4.324920109243165500e-01,2.152614715492952691e+00,1.452500000000000000e+02
1.133999999999999986e+01,3.765949635273737606e-01,3.916433700772111171e-01,2.320961990313162304e-01,-8.067980283290203669e-01,-8.522297254270277955e-01,4.747787481814438881e-01,2.049376918220230603e+00,1.423700000000000045e+02
1.146000000000000085e+01,4.500021979359327129e-01,3.632583810789801193e-01,1.680255636020892562e-01,-7.983162157972909512e-01,-7.192801522195213515e-01,4.431268117766052339e-01,1.946018185250247390e+00,1.374000000000000057e+02
1.158999999999999986e+01,5.496039047501636299e-01,3.198148026057993087e-01,1.271993587872099485e-01,-7.612321347931312321e-01,-6.203743940411160507e-01,3.544643673348487622e-01,1.776227816713762619e+00,1.347899999999999920e+02
1.172000000000000064e+01,6.543901091072857890e-01,2.794942247359014087e-01,1.020653066504517426e-01,-6.951541099786290312e-01,-5.527819218549807623e-01,2.578498375371543472e-01,1.557675315688818340e+00,1.290900000000000034e+02
1.184999999999999964e+01,7.469020227188676309e-01,2.414093042374455822e-01,7.764517380201804708e-02,-6.146788944410810362e-01,-4.821817073013005550e-01,1.817913907753927472e-01,1.332369774340238289e+00,1.213700000000000045e+02
1.198000000000000043e+01,8.206230335105964002e-01,1.999999612194723053e-01,6.098067465372578044e-02,-5.318450993502256141e-01,-4.067560778091583451e-01,1.128933558895107020e-01,1.126769964112189548e+00,1.185400000000000063e+02
1.210999999999999943e+01,8.757753632798228605e-01,1.612530361462419792e-01,6.083224237299830750e-02,-4.509039916585176888e-01,-3.443203049611553990e-01,3.887831050753242507e-02,9.441727157022419270e-01,1.123499999999999943e+02
1.224000000000000021e+01,9.158382184174113094e-01,1.345297028646971760e-01,7.726469718977722889e-02,-3.703677676328342439e-01,-3.087984541699627661e-01,-4.188523976461788062e-02,7.751125357618513512e-01,1.094699999999999989e+02
1.236999999999999922e+01,9.451310336105785970e-01,1.211154232914382900e-01,9.887723242298911142e-02,-2.868478280473881759e-01,-2.917777032053644470e-01,-1.176920013957461486e-01,6.066428543155542030e-01,1.018400000000000034e+02
1.250000000000000000e+01,9.648296644069589423e-01,1.111269037712451641e-01,1.172470552805722488e-01,-2.073828777083691621e-01,-2.707383676226210456e-01,-1.811442710291732427e-01,4.481810216645802925e-01,9.367000000000000171e+01
1.263000000000000078e+01,9.772393277979226633e-01,9.311691775089650513e-02,1.307497414072266995e-01,-1.386976602382999635e-01,-2.261854158930265701e-01,-2.317872888391693809e-01,3.084155693790405217e-01,8.954999999999999716e+01
1.275999999999999979e+01,9.829182263236879713e-01,6.546569670300683708e-02,1.489027646456591858e-01,-8.610441101803768815e-02,-1.615403932143103238e-01,-2.852993486640023058e-01,1.980062785140329074e-01,8.170999999999999375e+01
1.289000000000000057e+01,9.837926170467014009e-01,3.105754933985620941e-02,1.711856964410257143e-01,-4.339323227652336357e-02,-8.068456171511606545e-02,-3.406789236803149934e-01,1.020446405547879576e-01,7.812999999999999545e+01
1.301999999999999957e+01,9.815984397089070335e-01,-6.057067012845415016e-03,1.908206021814798370e-01,-3.913167941324192586e-03,1.121490113538341563e-02,-3.840363092003839518e-01,5.792660609407937131e-03,6.976999999999999602e+01
1.315000000000000036e+01,9.782310820931493511e-01,-4.580407713878910381e-02,1.986757948023019360e-01,3.865055114745549053e-02,1.139942140633871670e-01,-3.953822431675426685e-01,-1.018378777585248751e-01,6.122999999999999687e+01
1.327999999999999936e+01,9.750481412096475564e-01,-8.656651294279807396e-02,1.880595843237540810e-01,8.013085488443892623e-02,2.142646845531216704e-01,-3.606270294863335169e-01,-2.031984827893208723e-01,5.752000000000000313e+01
1.341000000000000014e+01,9.697810200426658644e-01,-1.298465819483348160e-01,1.684742045694140045e-01,1.195034757487951349e-01,3.107677326541229412e-01,-3.002216358358488768e-01,-2.925946176742912908e-01,4.849000000000000199e+01
1.353999999999999915e+01,9.610476856879606178e-01,-1.725684268667365684e-01,1.462481747756695372e-01,1.588047708897271648e-01,3.986921238930588585e-01,-2.282708423210130788e-01,-3.738334611153624198e-01,4.431000000000000227e+01
1.366999999999999993e+01,9.496586091389999096e-01,-2.064393987403576602e-01,1.249312225502060142e-01,1.998086343680107735e-01,4.638681623275785482e-01,-1.554121280211728517e-01,-4.515273044059259222e-01,3.474000000000000199e+01
1.380000000000000071e+01,9.367888311317078553e-01,-2.322102819556159381e-01,1.003734872595710426e-01,2.417234657130609143e-01,5.063453185050067473e-01,-7.586893922652937494e-02,-5.246894423056545076e-01,2.573999999999999844e+01
1.392999999999999972e+01,9.214548927405181722e-01,-2.569957871426248319e-01,7.004161253529642139e-02,2.827865246947894318e-01,5.390275135427058384e-01,1.627023571720546263e-02,-5.910396445549604971e-01,2.182999999999999829e+01
1.406000000000000050e+01,9.025971324506083526e-01,-2.848386342138218286e-01,3.819032563903707739e-02,3.205103242935033458e-01,5.730323721657170077e-01,1.138925560680166538e-01,-6.488297472185706738e-01,1.200000000000000000e+01
1.418999999999999950e+01,8.802855128788058536e-01,-3.118915120947351460e-01,2.803431877150267676e-03,3.575097778644192315e-01,6.000729229394718978e-01,2.198393983002157881e-01,-7.032963939247656171e-01,7.620000000000000107e+00
